common_name,country,total_observations
Aba,Indonesia,3
Aba,Thailand,1
Abantennarius,Thailand,2
Abantennarius,Philippines,2
Abantennarius,Indonesia,1
"Abe'S Angelfish",Indonesia,1
"Abe'S Flyingfish",Philippines,6
"Abe'S Flyingfish",Thailand,1
"Abe'S Flyingfish",Indonesia,1
Ablabys,Indonesia,34
Ablabys,Philippines,18
Acanthochromis,Indonesia,2
Acanthochromis,Philippines,1
Acanthocybium,Indonesia,1
Acanthopagrus,Thailand,2
"Acanthopsoides Molobrion",Indonesia,2
"Acanthopsoides Molobrion",Thailand,1
Acanthurus,Indonesia,122
Acanthurus,Thailand,31
Acanthurus,Philippines,15
Acantopsis,Indonesia,2
Acantopsis,Thailand,2
"Acantopsis Dinema",Thailand,1
"Acantopsis Rungthipae",Thailand,1
"Acehnese Mahseer",Indonesia,27
"Acehnese Mahseer",Thailand,5
Acentrogobius,Indonesia,20
"Acentrogobius Madraspatensis",Indonesia,1
"Acentrogobius Multifasciatus",Indonesia,1
Acentronura,Philippines,21
Acentronura,Indonesia,18
"Acentronura Gracilissima",Philippines,1
"Achara Catfish",Philippines,1
"Achara Catfish",Indonesia,1
"Achilles Tang",Indonesia,1
"Achiroides Leucorhynchos",Indonesia,1
"Achiroides Melanorhynchus",Indonesia,1
Acreichthys,Philippines,10
Acreichthys,Indonesia,5
Acrochordonichthys,Indonesia,1
Acrossocheilus,Indonesia,2
Acrossocheilus,Thailand,1
"Acrossocheilus Longipinnis",Indonesia,1
"Acrossocheilus Parallens",Indonesia,1
"Adelotremus Deloachi",Indonesia,1
"Adolfo'S Cory",Thailand,1
"Adolfo'S Cory",Indonesia,1
Aeoliscus,Indonesia,18
Aeoliscus,Philippines,7
Aeoliscus,Thailand,2
"African Arowana",Indonesia,2
"African Butterfly Cichlid",Indonesia,1
"African Cichlid",Indonesia,63
"African Cichlid",Thailand,17
"African Cichlid",Philippines,5
"African Cori",Indonesia,6
"African Lionfish",Indonesia,2
"African Lionfish",Thailand,2
"African Moony",Indonesia,5
"African Moony",Thailand,1
"African Pike Characin",Indonesia,2
"African Pompano",Indonesia,12
"African Pompano",Thailand,8
"African Pompano",Philippines,4
"African Redeye Tetra",Indonesia,1
"African Rivuline",Thailand,1
"African Sailfin Flyingfish",Indonesia,1
"African Scat",Indonesia,2
"African Sicklefish",Indonesia,1
"African Sicklefish",Philippines,1
"African Tigerfish",Indonesia,4
"African Tilapia",Indonesia,9
"African Tilapia",Thailand,1
"Agassiz'S Dwarf Cichlid",Indonesia,2
"Ageneiosus Magoi",Indonesia,1
Ailia,Indonesia,1
"Airbreathing Catfish",Thailand,3
"Akaads' Scad",Thailand,1
"Akar Betta",Indonesia,4
"Akysis Prashadi",Indonesia,1
"Akysis Recavus",Thailand,3
Albacore,Thailand,1
Albula,Indonesia,2
"Albulichthys Albuloides",Indonesia,1
"Aldabra Gregory",Thailand,1
Alectis,Indonesia,1
"Alelia'S Damselfish",Philippines,3
Alepes,Thailand,3
Alepes,Indonesia,1
"Alexander'S Damsel",Philippines,30
"Alexander'S Damsel",Indonesia,26
"Alexander'S Damsel",Thailand,23
"Alfred'S Licorice Gourami",Indonesia,4
"Algae Eater",Indonesia,27
"Algae Eater",Thailand,11
"Algae Eater",Philippines,1
"Allan'S Licorice Gourami",Indonesia,1
"Allard'S Anemonefish",Indonesia,1
"Allen'S Cardinalfish",Indonesia,8
"Allen'S Cardinalfish",Philippines,4
"Allen'S Shrimpgoby",Indonesia,25
"Allen'S Shrimpgoby",Philippines,5
"Allen'S Tubelip",Indonesia,21
"Allen'S Tubelip",Philippines,3
"Alligator Gar",Indonesia,79
"Alligator Gar",Thailand,36
"Alligator Gar",Philippines,8
"Almorha Loach",Indonesia,2
"Altum Angelfish",Indonesia,3
Aluterus,Indonesia,2
"Amazon Leaffish",Indonesia,1
Ambassis,Indonesia,78
Ambassis,Thailand,39
Ambassis,Philippines,5
"Ambassis Octava",Indonesia,2
Amberjack,Indonesia,7
Amberjack,Philippines,2
Amblyceps,Thailand,1
"Amblyceps Foratum",Indonesia,2
"Amblyceps Foratum",Thailand,1
"Amblyceps Variegatum",Thailand,1
Amblyeleotris,Indonesia,38
Amblyeleotris,Thailand,20
Amblyeleotris,Philippines,14
Amblyglyphidodon,Indonesia,36
Amblyglyphidodon,Philippines,7
Amblyglyphidodon,Thailand,6
Amblygobius,Thailand,13
Amblygobius,Indonesia,10
Amblygobius,Philippines,4
"Amblygobius Cheraphilus",Indonesia,3
"Amblygobius Semicinctus",Thailand,3
"Amblygobius Semicinctus",Indonesia,1
Amblypomacentrus,Indonesia,2
"Amblyrhynchichthys Micracanthus",Thailand,1
"Amblyrhynchichthys Truncatus",Indonesia,1
"Amboina Cardinalfish",Indonesia,3
"Amboina Cardinalfish",Philippines,2
"Ambon Damsel",Indonesia,196
"Ambon Damsel",Philippines,126
"Ambon Emperor",Indonesia,6
"Ambon Puller",Indonesia,66
"Ambon Puller",Philippines,29
"Ambon Rockskipper",Indonesia,17
"Ambon Scorpionfish",Indonesia,119
"Ambon Scorpionfish",Philippines,52
"Ambon Sole",Indonesia,11
"Ambon Toby",Indonesia,12
"American Eel",Indonesia,2
"American Flagfish",Indonesia,1
"American Gizzard Shad",Indonesia,3
"American Paddlefish",Indonesia,5
"American Plaice",Indonesia,1
"American Tetra",Indonesia,8
"American Tetra",Philippines,2
"Ammodytoides Idai",Thailand,1
Amphelikturus,Philippines,1
Amphilophus,Indonesia,42
Amphilophus,Philippines,2
Amphilophus,Thailand,2
"Amphilophus Ã— Vieja",Indonesia,1
"Amphiprion Percula",Indonesia,43
"Amphiprion Percula",Philippines,1
"Amphiprion Percula",Thailand,1
"Amur Carp",Indonesia,583
"Amur Carp",Thailand,381
"Amur Carp",Philippines,111
"Amur Goby",Indonesia,18
"Amur Goby",Philippines,2
"Amur Sturgeon",Indonesia,1
Anabas,Indonesia,5
Anabas,Thailand,1
Anarrhichthys,Thailand,1
Anchoa,Indonesia,2
Anchoa,Thailand,1
"Anchor Tuskfish",Indonesia,279
"Anchor Tuskfish",Philippines,48
Anchovie,Indonesia,26
Anchovie,Philippines,11
Anchovie,Thailand,6
Ancistrogobius,Indonesia,1
"Ancistrogobius Yanoi",Indonesia,3
"Andaman Butterflyfish",Thailand,77
"Andaman Butterflyfish",Indonesia,1
"Andaman Damselfish",Thailand,7
"Andaman Damselfish",Indonesia,5
"Andaman Grunt",Thailand,3
"Andaman Hind",Thailand,38
"Andaman Leg Skate",Thailand,1
"Andaman Silverside",Thailand,1
Andamia,Indonesia,21
Andamia,Philippines,5
Andamia,Thailand,1
"Anderson'S Pipefish",Indonesia,19
"Anderson'S Pipefish",Philippines,1
Andinoacara,Indonesia,2
"Andover Lionfish",Philippines,1
"Andrew Rao'S Snakehead",Indonesia,4
Anemonefish,Indonesia,100
Anemonefish,Thailand,51
Anemonefish,Philippines,28
Angelfish,Thailand,2
Angelfish,Indonesia,1
Angler,Indonesia,1
Angler,Thailand,1
"Angler Flatfish",Indonesia,1
Anglerfish,Indonesia,7
Anglerfish,Philippines,1
"Angular Flasher Wrasse",Philippines,3
"Angular Flasher Wrasse",Indonesia,2
Anodontostoma,Indonesia,2
Anodontostoma,Thailand,1
Antennarioidei,Indonesia,13
Antennarioidei,Philippines,8
Antennarius,Indonesia,157
Antennarius,Philippines,102
Antennarius,Thailand,3
Antennatus,Indonesia,2
Anthias,Indonesia,3
Anthiase,Indonesia,19
Anthiase,Philippines,6
"Antipatharia Goby",Philippines,8
"Antipatharia Goby",Indonesia,6
Aphareus,Indonesia,3
Aphareus,Philippines,2
Aplocheilus,Indonesia,8
Aplocheilus,Thailand,3
"Apocryptes Bato",Thailand,1
Apogon,Philippines,5
Apogon,Indonesia,3
Apogonichthyoides,Indonesia,7
Apogonichthyoides,Philippines,2
"Apogonichthyoides Cathetogramma",Philippines,1
Apogonichthys,Indonesia,1
Apolemichthys,Indonesia,3
"Apollo Betta",Thailand,17
"Apollo Betta",Indonesia,16
"Apollo Shark",Indonesia,15
Aprion,Philippines,1
"Apterygocampus Epinnulatus",Philippines,5
"Arabian Angelfish",Indonesia,1
"Arabian Picasso Triggerfish",Indonesia,1
Aracana,Indonesia,2
"Aral Barbel",Indonesia,2
Arapaima,Indonesia,8
Arapaima,Thailand,3
Arapaima,Philippines,1
"Arc-Eye Hawkfish",Indonesia,126
"Arc-Eye Hawkfish",Philippines,14
"Arcfin Shrimpgoby",Indonesia,50
"Arcfin Shrimpgoby",Philippines,31
Archerfish,Thailand,33
Archerfish,Indonesia,21
Archerfish,Philippines,6
"Archerfishs And Beachsalmon",Thailand,1
"Areolate Grouper",Indonesia,73
"Areolate Grouper",Philippines,12
"Areolate Grouper",Thailand,10
"Argentine Humphead",Indonesia,1
"Argus Wrasse",Thailand,71
"Argus Wrasse",Indonesia,47
"Argus Wrasse",Philippines,42
Ariinae,Indonesia,12
Ariinae,Thailand,3
Ariopsis,Indonesia,1
Ariosoma,Indonesia,6
Ariosoma,Philippines,6
Ariosoma,Thailand,3
Arius,Thailand,12
Arius,Indonesia,11
"Arius Gagora",Indonesia,2
"Arius Manillensis",Philippines,1
"Arius Utik",Indonesia,4
"Armitage Angelfish",Thailand,1
"Armored Catfish",Indonesia,6
"Armored Catfish",Philippines,2
"Armored Searobin",Indonesia,4
"Armored Searobin",Philippines,2
"Arnaz'S Damselfish",Indonesia,6
Arothron,Indonesia,25
Arothron,Thailand,8
Arothron,Philippines,8
Arowana,Indonesia,63
Arowana,Thailand,6
Arowana,Philippines,1
"Arrow Loach",Thailand,2
"Arrow Loach",Indonesia,2
"Arrowfin Bigeye",Indonesia,4
"Arrowfin Bigeye",Philippines,2
"Arrowfin Gobie",Philippines,1
"Arrowfin Gobie",Indonesia,1
"Arrowhead Puffer",Thailand,3
"Arrowhead Puffer",Indonesia,1
"Arrowhead Soapfish",Indonesia,37
"Aru Gudgeon",Indonesia,1
Aseraggodes,Indonesia,18
Aseraggodes,Philippines,10
Aseraggodes,Thailand,1
"Aseraggodes Xenicus",Indonesia,3
"Asia-Pacific Arowana",Indonesia,13
"Asia-Pacific Arowana",Thailand,1
"Asian Arowana",Indonesia,173
"Asian Arowana",Thailand,38
"Asian Arowana",Philippines,1
"Asian Banjo Catfish",Indonesia,5
"Asian Butterflyfish",Philippines,1
"Asian Dwarf Mudskipper",Indonesia,11
"Asian Dwarf Mudskipper",Thailand,6
"Asian Estuarine Blenny",Philippines,2
"Asian Featherback",Indonesia,1
"Asian Glass Catfish",Indonesia,12
"Asian Glass Catfish",Thailand,2
"Asian Glassfish",Indonesia,30
"Asian Glassfish",Thailand,21
"Asian Glassfish",Philippines,3
"Asian Leaffish",Thailand,1
"Asian Leaffish",Indonesia,1
"Asian Redtail Catfish",Thailand,22
"Asian Redtail Catfish",Indonesia,1
"Asian Snakehead",Indonesia,115
"Asian Snakehead",Thailand,68
"Asian Snakehead",Philippines,3
"Asian Stinging Catfish",Indonesia,1
"Asian Stinging Catfish",Thailand,1
"Asian Swamp Eel",Thailand,35
"Asian Swamp Eel",Philippines,7
"Asian Swamp Eel",Indonesia,6
"Asian Whiting",Thailand,3
Aspidontus,Indonesia,6
Aspidontus,Philippines,3
Aspidontus,Thailand,1
"Aspro Loach Goby",Indonesia,5
"Aspro Loach Goby",Philippines,1
"Assamese Snakehead",Indonesia,2
Asterorhombus,Indonesia,2
"Asymmetric Goatfish",Philippines,1
Atelomycterus,Indonesia,11
Atelomycterus,Philippines,6
Atelomycterus,Thailand,4
Atherina,Thailand,3
Atherina,Indonesia,3
Atherina,Philippines,1
Atherinomorus,Indonesia,4
Atherinomorus,Thailand,3
"Atlantic Blue Tang",Indonesia,5
"Atlantic Blue Tang",Thailand,1
"Atlantic Bumper",Indonesia,1
"Atlantic Capelin",Thailand,1
"Atlantic Chub Mackerel",Thailand,1
"Atlantic Creolefish",Philippines,1
"Atlantic Crevalle Jack",Indonesia,2
"Atlantic Goliath Grouper",Indonesia,2
"Atlantic Herring",Philippines,1
"Atlantic Mackerel",Indonesia,1
"Atlantic Menhaden",Indonesia,1
"Atlantic Mudskipper",Indonesia,1
"Atlantic Needlefish",Indonesia,1
"Atlantic Peacock Flounder",Indonesia,1
"Atlantic Salmon",Indonesia,7
"Atlantic Salmon",Thailand,2
"Atlantic Salmons And Trout",Indonesia,1
"Atlantic Sergeant Major",Indonesia,4
"Atlantic Sergeant Major",Thailand,1
"Atlantic Spadefish",Indonesia,1
"Atlantic Stingray",Indonesia,3
"Atlantic Tarpon",Indonesia,3
"Atlantic Tripletail",Indonesia,33
"Atlantic Tripletail",Thailand,11
"Atoll Scorpionfish",Indonesia,1
Atropus,Indonesia,4
Atropus,Thailand,2
Atropus,Philippines,1
Atrosalarias,Indonesia,3
Atrosalarias,Philippines,2
Atule,Indonesia,1
Auchenoglanis,Indonesia,1
Aurigequula,Thailand,1
Aurigequula,Indonesia,1
Aurigequula,Philippines,1
"Australasian Rainbowfish",Thailand,2
"Australasian Rainbowfish",Indonesia,2
"Australian Bluespotted Maskray",Indonesia,57
"Australian Codlet",Thailand,1
"Australian Goatfish",Indonesia,2
"Australian Humpback Dolphin",Indonesia,6
"Australian Long-Finned Eel",Indonesia,1
"Australian Pineapplefish",Indonesia,4
Awaous,Indonesia,3
"Axilspot Hogfish",Indonesia,29
"Axilspot Hogfish",Thailand,7
"Axilspot Hogfish",Philippines,4
"Axilspot Wrasse",Indonesia,48
"Axilspot Wrasse",Philippines,44
"Azure Damsel",Philippines,7
"Azure Demoiselle",Indonesia,8
"Backspot Flying Fish",Indonesia,3
"Bagan Anchovy",Thailand,1
"Bagarius Lica",Indonesia,9
"Bagarius Lica",Thailand,4
"Bagrichthys Macropterus",Indonesia,1
"Bagrid Catfish",Indonesia,13
"Bagrid Catfish",Thailand,8
"Bagrid Catfish",Philippines,1
"Bagroides Melapterus",Indonesia,6
"Bala Shark",Indonesia,4
"Bala Shark",Thailand,1
Balaenoptera,Thailand,13
Balaenoptera,Indonesia,7
Balaenoptera,Philippines,1
"Baleen Whale",Indonesia,1
"Bali Catshark",Indonesia,3
Balistes,Indonesia,1
Balistoides,Indonesia,1
Balitora,Thailand,1
"Balitora Annamitica",Thailand,1
"Balitora Burmanica",Thailand,1
"Balitoropsis Ophiolepis",Indonesia,1
"Balitoropsis Zollingeri",Indonesia,4
"Balitoropsis Zollingeri",Thailand,3
"Balunga Betta",Indonesia,1
"Bamboo Shark",Thailand,26
"Bamboo Shark",Indonesia,17
"Bamboo Shark",Philippines,5
"Banda Blenny",Indonesia,48
"Banda Cardinalfish",Indonesia,14
"Banda Cardinalfish",Philippines,7
"Banded Archerfish",Indonesia,407
"Banded Archerfish",Thailand,115
"Banded Archerfish",Philippines,31
"Banded Cichlid",Indonesia,2
"Banded Damsel",Indonesia,1
"Banded Damselfish",Indonesia,65
"Banded Damselfish",Philippines,22
"Banded Damselfish",Thailand,1
"Banded Eagle Ray",Indonesia,1
"Banded Frogfish",Indonesia,6
"Banded Frogfish",Philippines,1
"Banded Garden Eel",Philippines,5
"Banded Garden Eel",Indonesia,4
"Banded Gourami",Indonesia,24
"Banded Gourami",Thailand,4
"Banded Grunter",Indonesia,2
"Banded Ilisha",Indonesia,1
"Banded Jewel Cichlid",Indonesia,5
"Banded Jewelfish",Indonesia,1
"Banded Knifefish",Indonesia,1
"Banded Leporinu",Indonesia,11
"Banded Mud Moray",Indonesia,20
"Banded Mud Moray",Philippines,1
"Banded Mulletgoby",Indonesia,90
"Banded Mulletgoby",Thailand,4
"Banded Panchax",Indonesia,2
"Banded Pipefish",Indonesia,279
"Banded Pipefish",Philippines,202
"Banded Pipefish",Thailand,1
"Banded Rainbowfish",Indonesia,6
"Banded Rainbowfish",Philippines,2
"Banded Sergeant",Indonesia,58
"Banded Sergeant",Thailand,25
"Banded Sergeant",Philippines,7
"Banded Sicklefish",Indonesia,4
"Banded Sicklefish",Thailand,1
"Banded Silverbiddy",Indonesia,10
"Banded Snake Eel",Indonesia,137
"Banded Snake Eel",Philippines,38
"Banded Snake Eel",Thailand,5
"Banded-Tail Glassy Perchlet",Thailand,4
"Banded-Tail Glassy Perchlet",Indonesia,3
"Banggai Cardinalfish",Indonesia,218
"Banggai Cardinalfish",Thailand,7
"Banggai Damselfish",Philippines,2
"Banggai Damselfish",Indonesia,2
"Bangka Rasbora",Indonesia,16
"Bangka Rasbora",Thailand,8
"Banka Snakehead",Indonesia,27
Bannerfish,Thailand,24
Bannerfish,Indonesia,13
Bannerfish,Philippines,3
"Baram Snakehead",Indonesia,13
"Baram Snakehead",Philippines,1
Barb,Indonesia,29
Barb,Thailand,2
"Barbel Flyingfish",Indonesia,1
Barbfish,Philippines,1
"Barbichthys Laevis",Indonesia,5
Barbodes,Indonesia,105
Barbodes,Thailand,26
Barbodes,Philippines,19
"Barbodes Aurotaeniatus",Thailand,2
"Barbodes Bunau",Indonesia,1
"Barbodes Palavanensis",Philippines,1
"Barbodes Sealei",Indonesia,44
"Barbodes Sealei",Philippines,2
"Barbodes Zakariaismaili",Indonesia,2
"Barbonymus Balleroides",Indonesia,15
"Barbonymus Collingwoodii",Indonesia,41
"Barbour'S Seahorse",Indonesia,10
"Barbour'S Seahorse",Philippines,2
"Barbour'S Seahorse",Thailand,1
"Barca Snakehead",Thailand,1
"Barca Snakehead",Indonesia,1
"Barcheek Amoya",Indonesia,1
"Barcheek Trevally",Indonesia,72
"Barcheek Trevally",Philippines,28
"Barchin Scorpionfish",Indonesia,23
"Barchin Scorpionfish",Philippines,7
"Barchin Scorpionfish",Thailand,1
"Barcoo Grunter",Indonesia,4
"Barehead Glassfish",Philippines,2
"Barhead Damsel",Indonesia,61
"Barhead Damsel",Philippines,28
"Barhead Pipefish",Indonesia,1
Barilius,Indonesia,1
"Barito Betta",Indonesia,1
"Barnes' Garden Eel",Philippines,28
"Barnes' Garden Eel",Indonesia,11
"Barnes' Hardyhead",Indonesia,3
Barracuda,Thailand,88
Barracuda,Indonesia,71
Barracuda,Philippines,51
Barracudina,Indonesia,1
Barramundi,Indonesia,93
Barramundi,Thailand,49
Barramundi,Philippines,1
"Barred Angelfish",Indonesia,60
"Barred Angelfish",Philippines,8
"Barred Bichir",Indonesia,3
"Barred Blenny",Indonesia,8
"Barred Filefish",Indonesia,78
"Barred Filefish",Philippines,5
"Barred Filefish",Thailand,2
"Barred Javelin",Indonesia,30
"Barred Javelin",Thailand,6
"Barred Jawfish",Indonesia,1
"Barred Loach",Indonesia,17
"Barred Moray",Indonesia,28
"Barred Moray",Philippines,9
"Barred Moray",Thailand,1
"Barred Mudskipper",Indonesia,298
"Barred Mudskipper",Thailand,48
"Barred Mudskipper",Philippines,35
"Barred Queenfish",Indonesia,3
"Barred Queenfish",Thailand,2
"Barred Queenfish",Philippines,1
"Barred Rabbitfish",Indonesia,85
"Barred Rabbitfish",Philippines,2
"Barred Sand Conger",Indonesia,14
"Barred Sand Conger",Philippines,1
"Barred Shortbody Pipefish",Philippines,2
"Barred Shrimpgoby",Indonesia,151
"Barred Shrimpgoby",Philippines,38
"Barred Shrimpgoby",Thailand,9
"Barred Soapfish",Indonesia,165
"Barred Soapfish",Thailand,87
"Barred Soapfish",Philippines,48
"Barred Sorubim",Indonesia,2
"Barred Sorubim",Thailand,1
"Barred Thicklip",Indonesia,133
"Barred Thicklip",Philippines,54
"Barred Thicklip",Thailand,18
"Barred Trevally",Indonesia,33
"Barred Trevally",Philippines,7
"Barred Trevally",Thailand,3
"Barred Yellowtail Scad",Indonesia,43
"Barred Yellowtail Scad",Thailand,27
"Barred Yellowtail Scad",Philippines,4
"Barred-Fin Moray",Philippines,90
"Barred-Fin Moray",Indonesia,72
"Barred-Fin Moray",Thailand,2
"Barrel-Sponge Goby",Indonesia,14
"Barrel-Sponge Goby",Philippines,13
"Barrel-Sponge Goby",Thailand,5
"Bartail Flathead",Indonesia,12
"Bartail Flathead",Thailand,7
"Bartail Flathead",Philippines,1
"Bartel'S Dragonet",Indonesia,8
"Bartel'S Dragonet",Philippines,1
Basa,Indonesia,2
Basa,Thailand,2
"Batanta Rainbowfish",Indonesia,2
"Batasio Fluviatilis",Thailand,13
"Batasio Fluviatilis",Indonesia,3
"Batasio Tigrinus",Thailand,3
"Bath'S Blenny",Indonesia,85
Bathycongrus,Thailand,1
Bathygobius,Indonesia,82
Bathygobius,Thailand,21
Bathygobius,Philippines,11
Batrachomoeus,Indonesia,4
Batrachomoeus,Philippines,1
"Batu Cori",Thailand,29
"Batu Cori",Indonesia,1
"Batuna Damsel",Indonesia,35
"Batuna Damsel",Philippines,17
"Bay Anchovy",Indonesia,3
"Bay Of Bengal Hogfish",Thailand,37
"Bay Snook",Indonesia,1
"Bay Whiting",Thailand,1
"Bayer'S Moray",Philippines,2
"Bayer'S Moray",Indonesia,1
"Beach Naupaka",Indonesia,1
"Beaded Sea Anemone",Indonesia,1
"Bearded Brotula",Indonesia,4
"Bearded Mudskipper",Indonesia,19
"Bearded Mudskipper",Philippines,12
"Bearded Mudskipper",Thailand,12
"Bearded Roguefish",Philippines,1
"Bearded Scorpionfish",Thailand,5
"Bearded Wormgoby",Indonesia,1
"Beardless Barb",Indonesia,34
"Beardless Barb",Thailand,23
"Beardless Sea Catfish",Indonesia,1
"Beautyface Moray",Indonesia,1
"Beckford Pencilfish",Indonesia,3
"Belenger'S Croaker",Indonesia,3
"Bellybar Pipefish",Indonesia,2
Belobranchus,Indonesia,2
"Belobranchus Segura",Indonesia,7
"Belobranchus Segura",Philippines,2
"Belodontichthys Dinema",Indonesia,4
"Belodontichthys Truncatus",Thailand,2
Beluga,Thailand,3
"Benedetto'S Pipefish",Indonesia,10
"Benedetto'S Pipefish",Thailand,1
"Bengal Sergeant",Thailand,221
"Bengal Sergeant",Indonesia,72
"Bengal Sergeant",Philippines,9
"Bengal Snapper",Indonesia,91
"Bengal Snapper",Philippines,6
"Bengal Snapper",Thailand,2
"Bennett'S Needlefish",Indonesia,1
"Bennett'S Stingray",Thailand,7
"Bentfin Devil Ray",Indonesia,12
"Bentfin Devil Ray",Philippines,5
"Bentstick Pipefish",Indonesia,238
"Bentstick Pipefish",Philippines,113
"Bentstick Pipefish",Thailand,24
"Berber Ponyfish",Indonesia,1
"Betta Fish",Indonesia,132
"Betta Fish",Thailand,26
"Betta Fish",Philippines,5
"Betta Hipposideros",Indonesia,23
"Betta Lehi",Indonesia,2
"Betta Obscura",Indonesia,1
"Betta Pinguis",Indonesia,5
"Betta Prima",Thailand,6
"Betta Renata",Indonesia,1
"Betta Uberis",Indonesia,1
Bhanotia,Indonesia,1
Bichir,Indonesia,8
"Bicolor Angelfish",Indonesia,318
"Bicolor Angelfish",Philippines,79
"Bicolor Angelfish",Thailand,1
"Bicolor Blenny",Indonesia,121
"Bicolor Blenny",Thailand,68
"Bicolor Blenny",Philippines,10
"Bicolor Chromi",Indonesia,191
"Bicolor Chromi",Philippines,33
"Bicolor Cleaner Wrasse",Indonesia,112
"Bicolor Cleaner Wrasse",Philippines,14
"Bicolor Cleaner Wrasse",Thailand,13
"Bicolor Fangblenny",Indonesia,17
"Bicolor Fangblenny",Philippines,2
"Bicolored Toby",Indonesia,2
"Bicolour Goatfish",Philippines,41
"Bicolour Goatfish",Indonesia,16
"Bicolour Parrotfish",Indonesia,1
"Bicolour Parrotfish",Thailand,1
"Big-Eye Conger",Indonesia,2
"Big-Eyed Cachorro",Indonesia,2
"Big-Head Pennah Croaker",Indonesia,1
"Big-Scale Sand Smelt",Thailand,1
"Big-Scale Sand Smelt",Philippines,1
"Big-Spot Angler",Indonesia,21
"Big-Spot Angler",Philippines,20
"Big-Spot Angler",Thailand,3
"Bigbelly Seahorse",Indonesia,6
"Bigbelly Seahorse",Thailand,1
Bigeye,Indonesia,20
Bigeye,Philippines,18
Bigeye,Thailand,4
"Bigeye Barracuda",Indonesia,44
"Bigeye Barracuda",Philippines,23
"Bigeye Cusk",Indonesia,6
"Bigeye Ilisha",Thailand,1
"Bigeye Scad",Indonesia,26
"Bigeye Scad",Philippines,6
"Bigeye Scad",Thailand,5
"Bigeye Snapper",Indonesia,132
"Bigeye Snapper",Thailand,104
"Bigeye Snapper",Philippines,50
"Bigeye Soldierfish",Indonesia,8
"Bigeye Thresher Shark",Indonesia,3
"Bigeye Thresher Shark",Philippines,1
"Bigeye Trevally",Indonesia,233
"Bigeye Trevally",Philippines,81
"Bigeye Trevally",Thailand,70
"Bigeye Tuna",Indonesia,4
"Bigeye Tuna",Philippines,1
"Bighead Carp",Thailand,1
"Bighead Carp",Indonesia,1
"Biglip Damsel",Philippines,1
"Biglip Damsel",Indonesia,1
"Bigmouth Stream Goby",Indonesia,19
"Bigmouth Stream Goby",Thailand,10
"Bignose Unicornfish",Indonesia,333
"Bignose Unicornfish",Philippines,38
"Bignose Unicornfish",Thailand,10
"Bigscale Ponyfish",Indonesia,1
"Bigscale Soldierfish",Indonesia,45
"Bigscale Soldierfish",Philippines,3
"Bigscale Soldierfish",Thailand,2
"Bigspot Barb",Indonesia,7
"Bihunichthys Monopteroides",Indonesia,3
"Biliton Rockskipper",Thailand,1
Billfish,Thailand,4
Billfish,Indonesia,3
Billfish,Philippines,3
"Bintan Damselfish",Indonesia,12
"Bintan Damselfish",Philippines,8
"Bintan Damselfish",Thailand,1
"Bintan Licorice Gourami",Indonesia,2
"Bird Wrasse",Indonesia,215
"Bird Wrasse",Philippines,38
"Bird Wrasse",Thailand,10
"Black And White Butterflyfish",Indonesia,1
"Black Arowana",Indonesia,4
"Black Basse",Indonesia,1
"Black Bullhead",Thailand,1
"Black Bullhead",Indonesia,1
"Black Buntingi",Indonesia,2
"Black Cardinalfish",Indonesia,30
"Black Cardinalfish",Philippines,6
"Black Carp",Indonesia,1
"Black Catfish",Indonesia,1
"Black Coralgoby",Philippines,4
"Black Coralgoby",Indonesia,3
"Black Damsel",Indonesia,228
"Black Damsel",Philippines,80
"Black Damsel",Thailand,29
"Black Dwarf Betta",Indonesia,7
"Black Garden Eel",Indonesia,20
"Black Garden Eel",Philippines,20
"Black Ghost Knifefish",Indonesia,21
"Black Ghost Knifefish",Thailand,1
"Black Lancer",Indonesia,3
"Black Leopard Wrasse",Indonesia,79
"Black Leopard Wrasse",Philippines,53
"Black Leopard Wrasse",Thailand,3
"Black Lipsucker",Indonesia,9
"Black Lipsucker",Thailand,3
"Black Marlin",Indonesia,1
"Black Neon Tetra",Indonesia,13
"Black Neon Tetra",Thailand,1
"Black Phantom Tetra",Indonesia,4
"Black Pomfret",Indonesia,29
"Black Pomfret",Thailand,13
"Black Pomfret",Philippines,1
"Black Pyramid Butterflyfish",Thailand,24
"Black Pyramid Butterflyfish",Indonesia,7
"Black Rockcod",Indonesia,3
"Black Sea Bas",Indonesia,1
"Black Sharkminnow",Indonesia,17
"Black Sharkminnow",Thailand,15
"Black Snakehead",Indonesia,23
"Black Snakehead",Thailand,6
"Black Snoek",Thailand,1
"Black Spine-Cheek Gudgeon",Indonesia,3
"Black Stingray",Indonesia,2
"Black Stingray",Philippines,1
"Black Trevally",Indonesia,10
"Black Triggerfish",Indonesia,99
"Black Triggerfish",Philippines,1
"Black Triggerfish",Thailand,1
"Black Velvet Angelfish",Philippines,18
"Black Velvet Angelfish",Indonesia,10
"Black Widow Tetra",Indonesia,44
"Black Widow Tetra",Thailand,5
"Black Widow Tetra",Philippines,2
"Black Wolffish",Indonesia,1
"Black-And-White Snapper",Indonesia,108
"Black-And-White Snapper",Philippines,8
"Black-And-White Snapper",Thailand,7
"Black-Axil Chromi",Indonesia,127
"Black-Axil Chromi",Philippines,30
"Black-Axil Chromi",Thailand,19
"Black-Backed Needlefish",Philippines,5
"Black-Backed Needlefish",Indonesia,3
"Black-Barred Halfbeak",Indonesia,22
"Black-Barred Halfbeak",Thailand,6
"Black-Barred Halfbeak",Philippines,1
"Black-Breasted Pipefish",Philippines,1
"Black-Edged Sweeper",Indonesia,1
"Black-Finned Snake Eel",Indonesia,122
"Black-Finned Snake Eel",Philippines,77
"Black-Finned Snake Eel",Thailand,3
"Black-Finned Triggerfish",Thailand,36
"Black-Finned Triggerfish",Indonesia,7
"Black-Lined Zipper Loach",Thailand,10
"Black-Rayed Shrimpgoby",Indonesia,30
"Black-Rayed Shrimpgoby",Philippines,22
"Black-Spot Angelfish",Philippines,30
"Black-Spot Angelfish",Indonesia,11
"Black-Spotted Catfish",Thailand,14
"Black-Spotted Catfish",Indonesia,4
"Black-Spotted Croaker",Indonesia,2
"Black-Spotted Croaker",Thailand,1
"Black-Spotted Torpedo",Thailand,1
"Black-Tail Sergeant",Indonesia,49
"Black-Tail Sergeant",Philippines,31
"Black-Tailed Payara",Indonesia,3
"Blackass Combtooth Blenny",Indonesia,31
"Blackass Combtooth Blenny",Philippines,7
"Blackback Anemonefish",Indonesia,241
"Blackback Anemonefish",Thailand,1
"Blackback Anemonefish",Philippines,1
"Blackback Butterflyfish",Indonesia,296
"Blackback Butterflyfish",Philippines,33
"Blackback Butterflyfish",Thailand,6
"Blackback Wrasse",Indonesia,2
"Blackback Wrasse",Philippines,1
"Blackbanded Amberjack",Thailand,6
"Blackbanded Amberjack",Philippines,1
"Blackbanded Damsel",Indonesia,102
"Blackbanded Damsel",Philippines,45
"Blackbanded Damsel",Thailand,2
"Blackbanded Flathead",Indonesia,7
"Blackbanded Snapper",Indonesia,51
"Blackbar Chromi",Indonesia,89
"Blackbar Chromi",Philippines,49
"Blackbar Damselfish",Indonesia,132
"Blackbar Damselfish",Philippines,10
"Blackbar Damselfish",Thailand,1
"Blackbar Filefish",Indonesia,15
"Blackbar Filefish",Philippines,13
"Blackbar Filefish",Thailand,1
"Blackbarred Reefgoby",Indonesia,1
"Blackbarred Wrasse",Indonesia,5
"Blackbelly Pygmygoby",Philippines,18
"Blackbelly Pygmygoby",Indonesia,9
"Blackbelt Hogfish",Indonesia,218
"Blackbelt Hogfish",Philippines,77
"Blackbelt Hogfish",Thailand,27
"Blackblotch Emperor",Indonesia,17
"Blackblotch Foxface",Philippines,33
"Blackblotch Foxface",Indonesia,2
"Blackblotched Porcupinefish",Indonesia,208
"Blackblotched Porcupinefish",Thailand,200
"Blackblotched Porcupinefish",Philippines,37
"Blackcheek Tonguefish",Thailand,1
"Blackchin Tilapia",Thailand,140
"Blackchin Tilapia",Philippines,6
"Blackchin Tilapia",Indonesia,1
"Blackeye Rabbitfish",Thailand,2
"Blackeye Rabbitfish",Indonesia,1
"Blackeye Thicklip",Indonesia,336
"Blackeye Thicklip",Thailand,204
"Blackeye Thicklip",Philippines,80
"Blackfin Anemonefish",Indonesia,1
"Blackfin Barracuda",Indonesia,118
"Blackfin Barracuda",Thailand,26
"Blackfin Barracuda",Philippines,19
"Blackfin Coral Goby",Indonesia,2
"Blackfin Coral Goby",Philippines,1
"Blackfin Fairy Wrasse",Philippines,1
"Blackfin Hogfish",Philippines,3
"Blackfin Sandperch",Indonesia,108
"Blackfin Sandperch",Philippines,15
"Blackfin Sandperch",Thailand,4
"Blackfin Scad",Indonesia,4
"Blackfin Scad",Thailand,2
"Blackfin Squirrelfish",Indonesia,11
"Blackfin Squirrelfish",Philippines,2
"Blackfin Sweetlip",Indonesia,36
"Blackfin Sweetlip",Philippines,13
"Blackfinned Snakehead",Indonesia,3
"Blackfoot Goby",Indonesia,4
"Blackheaded Filefish",Philippines,23
"Blackheaded Filefish",Indonesia,13
"Blackline Shrimpgoby",Indonesia,2
"Blackline Snubnose Goby",Indonesia,18
"Blackline Snubnose Goby",Thailand,2
"Blacklined Glidergoby",Indonesia,84
"Blacklined Glidergoby",Philippines,19
"Blacklined Leatherjacket",Indonesia,4
"Blacklined Leatherjacket",Philippines,2
"Blacklined Wormfish",Philippines,2
"Blacklined Wormfish",Indonesia,2
"Blacklip Butterflyfish",Indonesia,605
"Blacklip Butterflyfish",Philippines,137
"Blacklip Butterflyfish",Thailand,6
"Blackmargin Damsel",Indonesia,54
"Blackmargin Damsel",Philippines,48
"Blackmargin Dartfish",Philippines,1
"Blackmargin Dottyback",Indonesia,2
"Blackmargin Dottyback",Thailand,1
"Blackpatch Triggerfish",Indonesia,285
"Blackpatch Triggerfish",Philippines,71
"Blackpatch Triggerfish",Thailand,5
"Blacksaddle Coralgrouper",Indonesia,9
"Blacksaddle Coralgrouper",Philippines,5
"Blacksaddle Goatfish",Indonesia,2
"Blacksaddle Herring",Indonesia,11
"Blacksaddle Snake Eel",Philippines,9
"Blacksaddle Snake Eel",Indonesia,2
"Blacksaddle Toby",Indonesia,485
"Blacksaddle Toby",Philippines,218
"Blackskin Catfish",Indonesia,2
"Blackspine Dwarfgoby",Indonesia,7
"Blackspine Unicornfish",Indonesia,42
"Blackspine Unicornfish",Philippines,23
"Blackspot Cardinalfish",Indonesia,6
"Blackspot Cardinalfish",Philippines,4
"Blackspot Damsel",Philippines,51
"Blackspot Damsel",Indonesia,14
"Blackspot Longtom",Indonesia,149
"Blackspot Longtom",Thailand,41
"Blackspot Longtom",Philippines,3
"Blackspot Mudgoby",Indonesia,3
"Blackspot Sergeant",Thailand,105
"Blackspot Sergeant",Indonesia,54
"Blackspot Sergeant",Philippines,6
"Blackspot Shark",Philippines,8
"Blackspot Shark",Indonesia,8
"Blackspot Snapper",Indonesia,110
"Blackspot Snapper",Thailand,66
"Blackspot Snapper",Philippines,19
"Blackspot Squirrelfish",Philippines,11
"Blackspot Squirrelfish",Indonesia,9
"Blackspot Threadfin",Thailand,1
"Blackspot Tuskfish",Indonesia,20
"Blackspot Tuskfish",Thailand,2
"Blackspotted Puffer",Indonesia,830
"Blackspotted Puffer",Philippines,322
"Blackspotted Puffer",Thailand,191
"Blackspotted Rockskipper",Indonesia,5
"Blackspotted Rockskipper",Thailand,2
"Blackspotted Sandgoby",Indonesia,9
"Blackspotted Sandgoby",Philippines,1
"Blackstripe Cichlid",Indonesia,5
"Blackstripe Dottyback",Philippines,47
"Blackstripe Dottyback",Indonesia,38
"Blackstriped Cardinalfish",Indonesia,149
"Blackstriped Cardinalfish",Philippines,55
"Blackstriped Cardinalfish",Thailand,4
"Blacktail Chromi",Indonesia,8
"Blacktail Comber",Indonesia,1
"Blacktail Humbug",Indonesia,150
"Blacktail Humbug",Philippines,19
"Blacktail Snapper",Indonesia,163
"Blacktail Snapper",Philippines,31
"Blacktail Snapper",Thailand,8
"Blackthroat Goby",Indonesia,5
"Blackthroat Goby",Thailand,1
"Blackthroat Threefin",Indonesia,2
"Blacktip Cardinalfish",Indonesia,1
"Blacktip Grouper",Indonesia,197
"Blacktip Grouper",Thailand,122
"Blacktip Grouper",Philippines,45
"Blacktip Ponyfish",Thailand,6
"Blacktip Ponyfish",Indonesia,1
"Blacktip Reef Shark",Indonesia,439
"Blacktip Reef Shark",Thailand,197
"Blacktip Reef Shark",Philippines,55
"Blacktip Sandgoby",Indonesia,54
"Blacktip Sandgoby",Philippines,33
"Blacktip Sandgoby",Thailand,2
"Blacktip Silverbiddy",Indonesia,71
"Blacktip Silverbiddy",Thailand,55
"Blacktip Silverbiddy",Philippines,21
"Blacktip Soldierfish",Indonesia,17
"Blacktip Trevally",Indonesia,1
"Blackvent Damsel",Indonesia,188
"Blackvent Damsel",Philippines,48
"Blackvent Damsel",Thailand,10
"Blackwedge Tuskfish",Indonesia,2
"Blackwedge Tuskfish",Philippines,1
"Bladefin Catfish",Indonesia,5
"Bleeker'S Damselfish",Indonesia,30
"Bleeker'S Damselfish",Philippines,21
"Bleeker'S Parrotfish",Indonesia,338
"Bleeker'S Parrotfish",Philippines,88
"Bleeker'S Parrotfish",Thailand,2
"Bleeker'S Sheatfish",Thailand,6
"Bleeker'S Smoothbelly Sardinella",Thailand,1
"Bleeker'S Whipray",Thailand,3
Bleekeria,Thailand,1
"Bleekeria Albicauda",Thailand,1
"Bleekeria Nigrilinea",Indonesia,1
Blennie,Indonesia,12
Blennie,Thailand,4
Blennie,Philippines,3
Blenniella,Thailand,11
Blenniella,Indonesia,10
"Blennies, Damselfishs And Allie",Indonesia,20
"Blennies, Damselfishs And Allie",Thailand,10
"Blennies, Damselfishs And Allie",Philippines,6
Blenniinae,Indonesia,11
Blenniinae,Philippines,2
Blenniinae,Thailand,2
